Ref,Val,Package,PosX,PosY,Rot,Side
"U1","OV9281","ov9281",185.000000,-112.500000,0.000000,bottom
"U2","OV9281","ov9281",115.000000,-112.500000,0.000000,bottom
